Person,Friend
Person 0,Person 32
Person 0,Person 67
Person 0,Person 19
Person 0,Person 48
Person 1,Person 22
Person 1,Person 72
Person 1,Person 11
Person 2,Person 19
Person 2,Person 76
Person 2,Person 41
Person 2,Person 5
Person 2,Person 27
Person 2,Person 44
Person 2,Person 45
Person 3,Person 78
Person 3,Person 42
Person 3,Person 27
Person 3,Person 61
Person 3,Person 15
Person 4,Person 27
Person 5,Person 64
Person 5,Person 14
Person 5,Person 61
Person 6,Person 20
Person 6,Person 28
Person 6,Person 69
Person 6,Person 86
Person 6,Person 42
Person 6,Person 24
Person 6,Person 1
Person 6,Person 67
Person 6,Person 29
Person 6,Person 19
Person 7,Person 73
Person 7,Person 12
Person 7,Person 16
Person 7,Person 14
Person 7,Person 17
Person 7,Person 72
Person 8,Person 32
Person 8,Person 99
Person 8,Person 77
Person 9,Person 76
Person 9,Person 69
Person 9,Person 65
Person 9,Person 12
Person 9,Person 31
Person 9,Person 45
Person 9,Person 48
Person 9,Person 9
Person 10,Person 40
Person 10,Person 23
Person 10,Person 90
Person 11,Person 54
Person 11,Person 64
Person 11,Person 41
Person 12,Person 72
Person 12,Person 90
Person 12,Person 38
Person 12,Person 48
Person 12,Person 19
Person 12,Person 41
Person 12,Person 31
Person 12,Person 20
Person 13,Person 56
Person 13,Person 12
Person 14,Person 89
Person 14,Person 8
Person 14,Person 54
Person 15,Person 76
Person 15,Person 60
Person 16,Person 95
Person 16,Person 47
Person 17,Person 3
Person 17,Person 63
Person 18,Person 76
Person 18,Person 7
Person 19,Person 41
Person 19,Person 6
Person 19,Person 60
Person 19,Person 34
Person 19,Person 25
Person 19,Person 32
Person 20,Person 27
Person 20,Person 47
Person 20,Person 89
Person 20,Person 95
Person 21,Person 98
Person 22,Person 34
Person 23,Person 44
Person 23,Person 64
Person 23,Person 70
Person 23,Person 85
Person 23,Person 66
Person 23,Person 21
Person 23,Person 63
Person 24,Person 76
Person 24,Person 94
Person 24,Person 51
Person 24,Person 38
Person 24,Person 55
Person 24,Person 9
Person 25,Person 7
Person 25,Person 72
Person 26,Person 58
Person 26,Person 64
Person 26,Person 42
Person 26,Person 80
Person 26,Person 18
Person 26,Person 92
Person 26,Person 73
Person 26,Person 63
Person 26,Person 32
Person 27,Person 91
Person 27,Person 62
Person 27,Person 82
Person 27,Person 75
Person 27,Person 16
Person 27,Person 79
Person 27,Person 37
Person 27,Person 15
Person 28,Person 3
Person 28,Person 87
Person 28,Person 16
Person 28,Person 28
Person 29,Person 12
Person 29,Person 51
Person 29,Person 62
Person 29,Person 53
Person 29,Person 25
Person 29,Person 37
Person 30,Person 33
Person 30,Person 86
Person 30,Person 45
Person 30,Person 17
Person 31,Person 36
Person 31,Person 24
Person 31,Person 10
Person 31,Person 44
Person 31,Person 93
Person 31,Person 55
Person 31,Person 67
Person 31,Person 81
Person 32,Person 64
Person 32,Person 5
Person 32,Person 46
Person 32,Person 57
Person 32,Person 36
Person 32,Person 85
Person 32,Person 83
Person 32,Person 0
Person 32,Person 61
Person 32,Person 54
Person 33,Person 90
Person 33,Person 77
Person 33,Person 70
Person 33,Person 30
Person 33,Person 65
Person 33,Person 29
Person 33,Person 67
Person 33,Person 96
Person 33,Person 58
Person 34,Person 10
Person 34,Person 76
Person 34,Person 81
Person 34,Person 33
Person 34,Person 14
Person 34,Person 50
Person 34,Person 64
Person 34,Person 71
Person 34,Person 98
Person 34,Person 96
Person 35,Person 51
Person 35,Person 22
Person 36,Person 45
Person 36,Person 36
Person 36,Person 27
Person 36,Person 98
Person 36,Person 3
Person 36,Person 13
Person 36,Person 15
Person 36,Person 40
Person 37,Person 56
Person 37,Person 54
Person 37,Person 0
Person 38,Person 52
Person 38,Person 46
Person 38,Person 27
Person 38,Person 82
Person 38,Person 60
Person 38,Person 8
Person 38,Person 32
Person 39,Person 96
Person 39,Person 21
Person 39,Person 73
Person 39,Person 5
Person 40,Person 18
Person 40,Person 63
Person 40,Person 25
Person 40,Person 41
Person 41,Person 63
Person 41,Person 3
Person 41,Person 65
Person 41,Person 94
Person 41,Person 53
Person 41,Person 4
Person 41,Person 73
Person 41,Person 56
Person 42,Person 63
Person 42,Person 27
Person 42,Person 68
Person 42,Person 71
Person 42,Person 79
Person 42,Person 8
Person 42,Person 88
Person 42,Person 6
Person 43,Person 30
Person 43,Person 38
Person 43,Person 53
Person 43,Person 41
Person 43,Person 95
Person 43,Person 40
Person 43,Person 23
Person 44,Person 30
Person 44,Person 92
Person 44,Person 75
Person 45,Person 5
Person 45,Person 99
Person 45,Person 76
Person 45,Person 33
Person 45,Person 24
Person 46,Person 18
Person 46,Person 17
Person 46,Person 59
Person 46,Person 56
Person 46,Person 44
Person 46,Person 31
Person 46,Person 35
Person 46,Person 45
Person 46,Person 77
Person 47,Person 65
Person 47,Person 3
Person 47,Person 73
Person 48,Person 27
Person 48,Person 26
Person 48,Person 99
Person 48,Person 20
Person 48,Person 32
Person 48,Person 39
Person 48,Person 36
Person 49,Person 2
Person 49,Person 37
Person 49,Person 29
Person 49,Person 45
Person 49,Person 60
Person 49,Person 92
Person 50,Person 70
Person 50,Person 75
Person 50,Person 52
Person 50,Person 6
Person 50,Person 83
Person 50,Person 36
Person 50,Person 81
Person 50,Person 67
Person 51,Person 13
Person 51,Person 0
Person 51,Person 97
Person 51,Person 20
Person 51,Person 59
Person 52,Person 48
Person 52,Person 25
Person 52,Person 63
Person 52,Person 12
Person 52,Person 23
Person 52,Person 83
Person 52,Person 88
Person 52,Person 79
Person 52,Person 49
Person 52,Person 67
Person 53,Person 1
Person 53,Person 12
Person 53,Person 65
Person 53,Person 25
Person 53,Person 35
Person 53,Person 70
Person 53,Person 26
Person 53,Person 0
Person 54,Person 32
Person 54,Person 2
Person 55,Person 71
Person 55,Person 37
Person 55,Person 53
Person 55,Person 68
Person 55,Person 65
Person 56,Person 60
Person 56,Person 71
Person 56,Person 44
Person 56,Person 95
Person 56,Person 26
Person 57,Person 14
Person 58,Person 35
Person 58,Person 7
Person 58,Person 22
Person 58,Person 17
Person 58,Person 30
Person 58,Person 78
Person 58,Person 40
Person 58,Person 14
Person 58,Person 23
Person 58,Person 39
Person 59,Person 99
Person 59,Person 38
Person 59,Person 92
Person 59,Person 82
Person 59,Person 39
Person 59,Person 43
Person 60,Person 62
Person 60,Person 24
Person 60,Person 61
Person 61,Person 37
Person 61,Person 61
Person 61,Person 68
Person 61,Person 90
Person 61,Person 1
Person 61,Person 74
Person 61,Person 32
Person 62,Person 9
Person 62,Person 45
Person 62,Person 18
Person 62,Person 60
Person 62,Person 33
Person 62,Person 0
Person 62,Person 14
Person 62,Person 86
Person 63,Person 7
Person 63,Person 12
Person 63,Person 51
Person 63,Person 86
Person 63,Person 85
Person 63,Person 94
Person 63,Person 55
Person 63,Person 62
Person 64,Person 74
Person 64,Person 34
Person 64,Person 66
Person 64,Person 82
Person 64,Person 9
Person 64,Person 20
Person 64,Person 94
Person 64,Person 41
Person 64,Person 44
Person 64,Person 83
Person 65,Person 71
Person 65,Person 43
Person 65,Person 39
Person 65,Person 5
Person 65,Person 96
Person 65,Person 91
Person 65,Person 53
Person 65,Person 56
Person 65,Person 38
Person 65,Person 42
Person 66,Person 82
Person 67,Person 13
Person 67,Person 19
Person 67,Person 34
Person 67,Person 78
Person 67,Person 99
Person 67,Person 73
Person 67,Person 32
Person 67,Person 96
Person 67,Person 89
Person 68,Person 24
Person 68,Person 87
Person 68,Person 64
Person 68,Person 90
Person 68,Person 35
Person 69,Person 26
Person 69,Person 36
Person 69,Person 0
Person 69,Person 61
Person 69,Person 37
Person 69,Person 55
Person 69,Person 10
Person 69,Person 92
Person 70,Person 25
Person 70,Person 49
Person 70,Person 92
Person 71,Person 83
Person 71,Person 32
Person 71,Person 29
Person 71,Person 31
Person 71,Person 97
Person 71,Person 7
Person 71,Person 61
Person 71,Person 45
Person 72,Person 99
Person 72,Person 28
Person 72,Person 11
Person 73,Person 4
Person 73,Person 77
Person 74,Person 97
Person 74,Person 67
Person 74,Person 16
Person 75,Person 67
Person 75,Person 63
Person 75,Person 99
Person 75,Person 33
Person 75,Person 6
Person 75,Person 80
Person 75,Person 66
Person 75,Person 52
Person 76,Person 73
Person 76,Person 44
Person 76,Person 92
Person 76,Person 11
Person 76,Person 65
Person 76,Person 55
Person 76,Person 25
Person 76,Person 82
Person 76,Person 47
Person 77,Person 45
Person 77,Person 70
Person 77,Person 75
Person 77,Person 17
Person 77,Person 76
Person 77,Person 60
Person 77,Person 52
Person 77,Person 6
Person 77,Person 35
Person 77,Person 29
Person 78,Person 52
Person 78,Person 32
Person 78,Person 15
Person 78,Person 94
Person 78,Person 2
Person 78,Person 26
Person 79,Person 72
Person 79,Person 95
Person 79,Person 43
Person 79,Person 18
Person 80,Person 85
Person 81,Person 6
Person 81,Person 51
Person 81,Person 32
Person 81,Person 35
Person 81,Person 0
Person 82,Person 99
Person 82,Person 82
Person 82,Person 16
Person 82,Person 86
Person 82,Person 92
Person 83,Person 57
Person 84,Person 37
Person 84,Person 75
Person 84,Person 86
Person 85,Person 26
Person 85,Person 95
Person 85,Person 99
Person 85,Person 10
Person 85,Person 76
Person 85,Person 77
Person 86,Person 44
Person 86,Person 92
Person 87,Person 72
Person 87,Person 42
Person 87,Person 49
Person 87,Person 64
Person 88,Person 19
Person 88,Person 25
Person 88,Person 78
Person 88,Person 80
Person 88,Person 70
Person 88,Person 93
Person 88,Person 94
Person 88,Person 56
Person 88,Person 90
Person 89,Person 71
Person 89,Person 94
Person 89,Person 8
Person 89,Person 16
Person 89,Person 89
Person 89,Person 50
Person 89,Person 54
Person 89,Person 67
Person 90,Person 30
Person 90,Person 74
Person 91,Person 24
Person 91,Person 73
Person 92,Person 11
Person 92,Person 35
Person 92,Person 38
Person 92,Person 65
Person 92,Person 24
Person 92,Person 14
Person 92,Person 30
Person 92,Person 40
Person 93,Person 81
Person 93,Person 86
Person 93,Person 85
Person 93,Person 43
Person 93,Person 90
Person 93,Person 98
Person 94,Person 15
Person 95,Person 61
Person 95,Person 79
Person 95,Person 4
Person 95,Person 98
Person 95,Person 34
Person 96,Person 34
Person 96,Person 2
Person 96,Person 81
Person 96,Person 32
Person 96,Person 23
Person 97,Person 37
Person 97,Person 60
Person 97,Person 90
Person 97,Person 24
Person 98,Person 41
Person 99,Person 80
Person 99,Person 88
Person 99,Person 21
Person 99,Person 27
Person 99,Person 43
Person 99,Person 93
Person 99,Person 69
Person 99,Person 51
